id,name,evidence_role,domain,category,provider,spatial_resolution_m,temporal_coverage,temporal_resolution,geographic_scope,access_method,license,latency_days,v1_suitability,v2_suitability,v3_suitability,forest_relevance,source_priority,search_scope_id,notes,status,reviewer,review_date
DS-0001,Hansen GFC v1.12 (global_forest_change_2024_v1_12),core estimation input,forest cover,annual forest product,University of Maryland / Google,30,2000–2024,annual,global,GEE asset (UMD/hansen/global_forest_change_2024_v1_12),open (Creative Commons),365,high,low,medium,"Direct forest cover and annual loss baseline; weak supervision only for monthly tasks.",high,SS-0001,"Primary v1 baseline. treecover2000 + lossyear + datamask bands. Annual labels; not suitable as monthly ground truth (see ADR 0004). v3 potential as weak supervision signal.",reviewed,,
DS-0002,Sentinel-2 MSI L2A,core estimation input,forest cover,satellite optical,ESA / Copernicus,10,2017–present,5-day revisit (10-day per orbit),global,GEE (COPERNICUS/S2_SR_HARMONIZED); Sentinel Hub; direct download,open (Copernicus open access),<5,low,high,high,"High-resolution optical signal for forest state and disturbance confirmation.",high,SS-0001,"Core v2 input. 10 m optical. Cloud masking required. Monthly compositing with SCL or s2cloudless. v3: usable as input to weakly supervised model.",reviewed,,
DS-0003,Sentinel-1 GRD (C-band SAR),core estimation input,forest cover,satellite SAR,ESA / Copernicus,10–20,2014–present,6–12-day revisit,global,GEE (COPERNICUS/S1_GRD); Sentinel Hub,open (Copernicus open access),<5,low,high,high,"Cloud-robust SAR signal for forest structure and monthly disturbance confirmation.",high,SS-0001,"Cloud-robust v2 complement to Sentinel-2. VV+VH polarizations. Requires speckle filtering and terrain correction. Backscatter sensitive to moisture and structure.",reviewed,,
DS-0004,Landsat 8/9 Collection 2 L2,core estimation input,forest cover,satellite optical,USGS / NASA,30,2013–present (L8); 2021–present (L9),16-day revisit,global,GEE (LANDSAT/LC08/C02/T1_L2); USGS EarthExplorer,open (public domain),<5,medium,medium,medium,"Medium-resolution optical signal and longer archive for baseline and change context.",medium,SS-0001,"Longer archive than Sentinel-2. 30 m resolution. Useful where Sentinel-2 pre-dates 2017. v2 potential in mosaic with Sentinel-2.",reviewed,,
DS-0005,MODIS MOD13Q1 (NDVI/EVI 250m),auxiliary feature,vegetation condition,satellite optical product,NASA,250,2000–present,16-day composite,global,GEE (MODIS/061/MOD13Q1),open (public domain),<16,low,low,medium,"Coarse vegetation phenology context; not suitable for fine forest area by itself.",medium,SS-0001,"Coarse resolution. Useful for temporal context or weakly supervised pre-training signals. Not suitable for fine-scale forest mask in v1.",reviewed,,
DS-0006,GEDI Level 2A/2B (forest height and structure),validation reference,forest structure,spaceborne lidar,NASA,25 m footprint (non-contiguous),2019–present,irregular (ISS orbit),tropical and temperate (51.6° N/S),GEE (LARSE/GEDI/*); NASA Earthdata,open (public domain),~30,low,low,high,"Canopy-height and structure reference for validation or auxiliary learning.",high,SS-0001,"Forest height and canopy structure. Sparse footprint - not suitable for area estimation alone. v3: validation layer or auxiliary feature. Geographically limited by ISS orbit.",reviewed,,
DS-0007,JRC Tropical Moist Forest (TMF),validation reference,forest cover,annual forest product,European Commission JRC,30,1990–2022,annual,pan-tropical,GEE (projects/JRC/TMF/*); JRC download,open (Creative Commons),365,medium,low,medium,"Independent forest/non-forest and degradation reference for humid tropics.",medium,SS-0001,"Annual forest / non-forest classification for the humid tropics. Independent of Hansen GFC - useful for cross-validation. Includes deforestation / degradation classes.",reviewed,,
DS-0008,PRODES (Brazil deforestation),validation reference,forest disturbance,annual forest product,INPE,30,1988–present,annual,Brazil (Legal Amazon),TerraBrasilis API; INPE download,open (public domain),365,medium,low,medium,"Authoritative regional deforestation reference for Brazilian Amazon AOIs.",medium,SS-0001,"Authoritative Brazilian deforestation record. High quality for the Legal Amazon. Limited geographic scope. Annual labels. Useful for cross-validation against GFC in Brazilian AOIs.",reviewed,,
DS-0009,Placeholder - biodiversity context product,context/risk layer,biodiversity,context product,,,,,,,,,not_applicable,not_applicable,medium,"Potential habitat, species, or ecosystem integrity context; must not be treated as forest-cover ground truth.",candidate,SS-0001,"Replace with a reviewed source such as a biodiversity intactness, protected area, or habitat product.",to_review,,
DS-0010,Placeholder - flood and surface-water context product,context/risk layer,floods and water,context product,,,,,,,,,low,medium,medium,"Flood or inundation context can explain optical/SAR anomalies and support masking or uncertainty notes.",candidate,SS-0001,"Replace with a reviewed flood extent, surface water seasonality, or wetland inundation product.",to_review,,
DS-0011,Placeholder - renewable energy context product,interpretation-only background,energy,context product,,,,,,,,,not_applicable,not_applicable,low,"Solar, wind, or energy infrastructure context may explain land-use pressure but is not a forest input.",watch,SS-0001,"Replace with a reviewed solar resource, wind resource, transmission, or infrastructure product if relevant to AOI interpretation.",to_review,,
DS-0012,Placeholder - environmental integrity index,context/risk layer,environmental integrity,context product,,,,,,,,,not_applicable,not_applicable,medium,"Integrity indices can support landscape context and uncertainty interpretation; verify components before use.",candidate,SS-0001,"Replace with a reviewed environmental integrity, ecosystem integrity, or human footprint product.",to_review,,
DS-0013,Placeholder - ocean or coastal context product,context/risk layer,ocean/coastal,context product,,,,,,,,,not_applicable,low,low,"Useful for coastal forest, mangrove, estuary, or shoreline AOIs; otherwise out of scope.",watch,SS-0001,"Replace with a reviewed ocean color, shoreline, coastal change, or mangrove-context product when relevant.",to_review,,
